<?xml version="1.0" encoding="utf-8"?>
<?xml-stylesheet type='text/xsl' href='ConversionLogFile.xsl'?>
<LogFile projectName="LCISSM_V15.1" typeText="Typ" messageText="Meldung" timeText="Zeit">
  <MessageCell ServiceId="80" MessageId="30" MessageClass="Information" Timestamp="25.03.2019 09:45:28">
    <Number ServiceNumber="80" MessageNumber="30" />
    <Text FeedbackText="Hochrüsten gestartet" />
    <Help HelpId="-1" />
  </MessageCell>
  <Details ServiceId="80" MessageId="30" Timestamp="25.03.2019 09:45:30" Debug="false">
    <Text>Reorganization succeed!</Text>
  </Details>
  <MessageCell ServiceId="80" MessageId="30" MessageClass="Information" Timestamp="25.03.2019 09:45:31">
    <Number ServiceNumber="80" MessageNumber="30" />
    <Text FeedbackText="CheckRepair lost+found objects" />
    <Help HelpId="-1" />
  </MessageCell>
  <Details ServiceId="80" MessageId="30" Timestamp="25.03.2019 09:45:31" Debug="false">
    <Text>No error is detected.</Text>
  </Details>
  <MessageCell ServiceId="80" MessageId="30" MessageClass="Information" Timestamp="25.03.2019 09:45:32">
    <Number ServiceNumber="80" MessageNumber="30" />
    <Text FeedbackText="CheckRepair missing bidirectional links" />
    <Help HelpId="-1" />
  </MessageCell>
  <Details ServiceId="80" MessageId="30" Timestamp="25.03.2019 09:45:32" Debug="false">
    <Text>No error is detected.</Text>
  </Details>
  <Details ServiceId="80" MessageId="30" Timestamp="25.03.2019 09:45:40" Debug="false">
    <Text>Not invalidating fingerprints for library object: hg1jahs3gd0jgsa6b35d1d8-8116-4315-8650-28e52533fc9e0[UDT2]</Text>
  </Details>
  <Details ServiceId="80" MessageId="30" Timestamp="25.03.2019 09:45:41" Debug="false">
    <Text>Not invalidating fingerprints for library object: hg1jahs3gd0jgsa0cd7f91c-2a71-492a-9f5e-9d21357660250[FB210]</Text>
  </Details>
  <Details ServiceId="80" MessageId="30" Timestamp="25.03.2019 09:45:41" Debug="false">
    <Text>Not invalidating fingerprints for library object: hg1jahs3gd0jgsaf2c36b6a-3a15-4835-9ee7-f6ed774159070[FB211]</Text>
  </Details>
  <Details ServiceId="80" MessageId="30" Timestamp="25.03.2019 09:45:41" Debug="false">
    <Text>Not invalidating fingerprints for library object: hg1jahs3gd0jgsa6dbef3f8-b685-4211-a14d-81e2ed074f480[FB212]</Text>
  </Details>
  <Details ServiceId="80" MessageId="30" Timestamp="25.03.2019 09:45:41" Debug="false">
    <Text>Not invalidating fingerprints for library object: hg1jahs3gd0jgsa8d1242e7-e359-4fc3-8a81-417d4ee134750[FC210]</Text>
  </Details>
  <Details ServiceId="80" MessageId="30" Timestamp="25.03.2019 09:45:41" Debug="false">
    <Text>Not invalidating fingerprints for library object: hg1jahs3gd0jgsa2a25a2b7-7069-45d5-bc8c-b2020782bb2d0[FC211]</Text>
  </Details>
  <Details ServiceId="80" MessageId="30" Timestamp="25.03.2019 09:45:41" Debug="false">
    <Text>Not invalidating fingerprints for library object: Standard-Variablentabelle</Text>
  </Details>
  <Details ServiceId="80" MessageId="30" Timestamp="25.03.2019 09:45:41" Debug="false">
    <Text>Not invalidating fingerprints for library object: Standard-Variablentabelle</Text>
  </Details>
  <Details ServiceId="80" MessageId="30" Timestamp="25.03.2019 09:45:41" Debug="false">
    <Text>Not invalidating fingerprints for library object: Standard-Variablentabelle</Text>
  </Details>
  <Details ServiceId="80" MessageId="30" Timestamp="25.03.2019 09:45:41" Debug="false">
    <Text>Not invalidating fingerprints for library object: Standard-Variablentabelle</Text>
  </Details>
  <Details ServiceId="80" MessageId="30" Timestamp="25.03.2019 09:45:41" Debug="false">
    <Text>Not invalidating fingerprints for library object: Standard-Variablentabelle</Text>
  </Details>
  <Details ServiceId="80" MessageId="30" Timestamp="25.03.2019 09:45:41" Debug="false">
    <Text>Not invalidating fingerprints for library object: Standard-Variablentabelle</Text>
  </Details>
  <MessageCell ServiceId="80" MessageId="30" MessageClass="Information" Timestamp="25.03.2019 09:45:44">
    <Number ServiceNumber="80" MessageNumber="30" />
    <Text FeedbackText="Die Querverweisinformationen werden konvertiert." />
    <Help HelpId="-1" />
  </MessageCell>
  <MessageCell ServiceId="80" MessageId="30" MessageClass="Information" Timestamp="25.03.2019 09:45:45">
    <Number ServiceNumber="80" MessageNumber="30" />
    <Text FeedbackText="Die Querverweisinformationen wurden erfolgreich erstellt" />
    <Help HelpId="-1" />
  </MessageCell>
  <MessageCell ServiceId="80" MessageId="30" MessageClass="Information" Timestamp="25.03.2019 09:45:45">
    <Number ServiceNumber="80" MessageNumber="30" />
    <Text FeedbackText="Das Konvertieren der Querverweisinformationen ist beendet." />
    <Help HelpId="-1" />
  </MessageCell>
  <Details ServiceId="80" MessageId="30" Timestamp="25.03.2019 09:45:46" Debug="false">
    <Text>Package container 'Siemens.Simatic.Lang.S7PSW.V15.0.0.0.NonMandatory' was deleted</Text>
  </Details>
  <Details ServiceId="80" MessageId="30" Timestamp="25.03.2019 09:45:46" Debug="false">
    <Text>Product version 'Siemens.Simatic.STEP7.Professional:15.00.00.00' was deleted</Text>
  </Details>
  <Details ServiceId="80" MessageId="30" Timestamp="25.03.2019 09:45:46" Debug="false">
    <Text>Product version 'Siemens.Simatic.STEP7.Basic:15.00.00.00' was deleted</Text>
  </Details>
  <MessageCell ServiceId="Automation-ObjectFrame-Feedbacks" MessageId="ConversionInfoTabLibrarySucceeded" MessageClass="Success" Timestamp="25.03.2019 09:45:46">
    <Number ServiceNumber="80" MessageNumber="32" />
    <Text FeedbackText="Bibliothek 'Z:\temp\caminstandstill\V15\LCISSM\System\PEData.plf' wurde erfolgreich hochgerüstet und als Bibliothek 'Z:\temp\caminstandstill\V15\LCISSM_V15.1\System\PEData.plf' gespeichert." />
    <Help HelpId="-1" HelpFile="" />
  </MessageCell>
</LogFile>